10,195,rerum ex veniam mollitia voluptatibus pariatur,true
4,64,voluptas consequatur qui ut quia magnam nemo esse,false
1,3,fugiat veniam minus,false
9,177,et placeat temporibus voluptas est tempora quos quibusdam,false
2,38,totam quia non,false
7,131,qui ea incidunt quis,false
1,17,quo laboriosam deleniti aut qui,true
1,20,ullam nobis libero sapiente ad optio sint,true
6,102,sed ab consequatur,false
2,34,porro aut necessitatibus eaque distinctio,false
9,175,laudantium eius officia perferendis provident perspiciatis asperiores,true
8,157,dolorem veniam quisquam deserunt repellendus,true
7,137,qui sit non,false
1,4,et porro tempora,true
3,56,deleniti ea temporibus enim,true
6,101,explicabo enim cumque porro aperiam occaecati minima,false
8,142,maiores accusantium architecto necessitatibus reiciendis ea aut,true
2,23,et itaque necessitatibus maxime molestiae qui quas velit,false
5,92,in omnis laboriosam,true
6,108,a eos eaque nihil et exercitationem incidunt delectus,true
3,50,cupiditate necessitatibus ullam aut quis dolor voluptate,true
10,183,omnis nulla eum aliquam distinctio,true
8,151,accusamus adipisci dicta qui quo ea explicabo sed vero,true
8,149,animi voluptas quod perferendis est,false
6,120,dolorem laboriosam vel voluptas et aliquam quasi,false
10,200,ipsam aperiam voluptates qui,false
6,110,aut aut ea corporis,true
8,154,rerum non ex sapiente,true
6,117,sequi quae est et qui qui eveniet asperiores,false
1,8,quo adipisci enim quam ut ab,true
5,94,facilis modi saepe mollitia,false
5,99,neque voluptates ratione,false
4,61,odit optio omnis qui sunt,true
7,135,facere ipsa nam eum voluptates reiciendis vero qui,false
1,11,vero rerum temporibus dolor,true
2,29,laborum aut in quam,false
2,40,totam atque quo nesciunt,true
9,168,recusandae quia qui sunt libero,false
6,107,praesentium facilis omnis laudantium fugit ad iusto nihil nesciunt,false
7,123,esse et quis iste est earum aut impedit,false
3,57,pariatur et magnam ea doloribus similique voluptatem rerum quia,false
2,27,veritatis pariatur delectus,true
9,176,magni soluta corrupti ut maiores rem quidem,false
4,67,quia voluptatibus voluptatem quos similique maiores repellat,false
2,33,sint sit aut vero,false
5,90,molestiae nisi accusantium tenetur dolorem et,true
4,62,et placeat et tempore aspernatur sint numquam,false
6,118,quia modi consequatur vero fugiat,false
5,82,voluptates eum voluptas et dicta,false
7,132,qui molestiae voluptatibus velit iure harum quisquam,true
5,88,vitae aut excepturi laboriosam sint aliquam et et accusantium,false
10,190,accusamus sint iusto et voluptatem exercitationem,true
3,58,est dicta totam qui explicabo doloribus qui dignissimos,false
2,30,nemo perspiciatis repellat ut dolor libero commodi blanditiis omnis,true
8,155,voluptatem nobis consequatur et assumenda magnam,true
10,186,explicabo odio est et,false
10,181,ut cupiditate sequi aliquam fuga maiores,false
7,134,molestiae doloribus et laborum quod ea,false
10,191,temporibus atque distinctio omnis eius impedit tempore molestias pariatur,true
1,6,qui ullam ratione quibusdam voluptatem quia omnis,false
6,112,consectetur impedit quisquam qui deserunt non rerum consequuntur eius,false
7,128,eius omnis est qui voluptatem autem,false
9,161,ex hic consequuntur earum omnis alias ut occaecati culpa,true
10,197,dignissimos quo nobis earum saepe,true
2,24,adipisci non ad dicta qui amet quaerat doloribus ea,false
10,193,rerum debitis voluptatem qui eveniet tempora distinctio a,true
7,138,placeat minima consequatur rem qui ut,true
10,192,ut quas possimus exercitationem sint voluptates,false
8,143,eum non recusandae cupiditate animi,false
4,80,tempore molestias dolores rerum sequi voluptates ipsum consequatur,true
3,59,perspiciatis velit id laborum placeat iusto et aliquam odio,false
6,111,magni accusantium labore et id quis provident,false
9,180,debitis nisi et dolorem repellat et,true
3,45,velit soluta adipisci molestias reiciendis harum,false
9,174,similique aut quo,false
5,86,incidunt ut saepe autem,true
4,66,rerum eum molestias autem voluptatum sit optio,false
6,114,cupiditate quos possimus corporis quisquam exercitationem beatae,false
8,152,odit eligendi recusandae doloremque cumque non,false
7,140,aut consectetur in blanditiis deserunt quia sed laboriosam,true
4,73,sint amet quia totam corporis qui exercitationem commodi,true
7,124,qui consectetur id,false
1,18,dolorum est consequatur ea mollitia in culpa,false
7,130,nulla aliquid eveniet harum laborum libero alias ut unde,true
9,173,harum ad aperiam quis,false
2,28,nesciunt totam sit blanditiis sit,false
4,65,fugiat pariatur ratione ut asperiores necessitatibus magni,false
1,7,illo expedita consequatur quia in,false
8,144,ut eum exercitationem sint,false
6,104,excepturi non laudantium quo,false
2,31,repudiandae totam in est sint facere fuga,false
7,126,ut asperiores perspiciatis veniam ipsum rerum saepe,true
2,35,repellendus veritatis molestias dicta incidunt,true
8,148,esse quas et quo quasi exercitationem,false
3,52,nesciunt dolorum quis recusandae ad pariatur ratione,false
1,16,accusamus eos facilis sint et aut voluptatem,true
2,25,voluptas quo tenetur perspiciatis explicabo natus,true
2,39,doloremque quibusdam asperiores libero corrupti illum qui omnis,false
7,127,voluptatem libero consectetur rerum ut,true
9,163,natus corrupti maxime laudantium et voluptatem laboriosam odit,false
10,196,consequuntur aut ut fugit similique,true
10,199,numquam repellendus a magnam,true
8,160,et praesentium aliquam est,false
1,13,et doloremque nulla,false
9,164,reprehenderit quos aut aut consequatur est sed,false
5,84,sunt veritatis ut voluptate,false
4,71,aut velit saepe ullam,false
5,87,laudantium quae eligendi consequatur quia et vero autem,true
2,22,distinctio vitae autem nihil ut molestias quo,true
3,60,et sequi qui architecto ut adipisci,true
9,178,nesciunt itaque commodi tempore,true
7,121,inventore aut nihil minima laudantium hic qui omnis,true
8,153,ea aperiam consequatur qui repellat eos,false
8,159,debitis adipisci quibusdam aliquam sed dolore ea praesentium nobis,true
9,179,omnis consequuntur cupiditate impedit itaque ipsam quo,true
10,187,consequuntur animi possimus,false
4,77,maiores aut nesciunt delectus exercitationem vel assumenda eligendi at,false
6,113,quia atque aliquam sunt impedit voluptatum rerum assumenda nisi,false
1,10,illo est ratione doloremque quia maiores aut,true
5,98,debitis accusantium ut quo facilis nihil quis sapiente necessitatibus,true
7,125,aut quasi autem iste tempore illum possimus,false
3,41,aliquid amet impedit consequatur aspernatur placeat eaque fugiat suscipit,false
3,48,sit reprehenderit omnis quia,false
9,167,et quis minus quo a asperiores molestiae,false
6,103,non sunt delectus illo nulla tenetur enim omnis,false
6,105,totam quia dolorem et illum repellat voluptas optio,true
9,162,omnis laboriosam molestias animi sunt dolore,true
5,81,suscipit qui totam,true
9,171,fugiat aut voluptatibus corrupti deleniti velit iste odio,true
1,1,delectus aut autem,false
3,49,ut necessitatibus aut maiores debitis officia blanditiis velit et,false
5,91,nulla quis consequatur saepe qui id expedita,true
8,150,eos amet tempore laudantium fugit a,false
10,184,molestias modi perferendis perspiciatis,false
8,145,beatae qui ullam incidunt voluptatem non nisi aliquam,false
6,109,autem temporibus harum quisquam in culpa,true
1,12,ipsa repellendus fugit nisi,true
3,54,quis et est ut voluptate quam dolor,true
7,133,et labore eos enim rerum consequatur sunt,true
10,188,vel non beatae est,true
3,53,qui labore est occaecati recusandae aliquid quam,false
9,172,et provident amet rerum consectetur et voluptatum,false
1,9,molestiae perspiciatis ipsa,false
3,55,voluptatum omnis minima qui occaecati provident nulla voluptatem ratione,true
4,69,doloribus sint dolorum ab adipisci itaque dignissimos aliquam suscipit,false
5,85,et quia ad iste a,true
4,78,reiciendis est magnam amet nemo iste recusandae impedit quaerat,false
4,76,sequi dolorem sed,true
7,122,provident aut nobis culpa,true
8,156,nam quia quia nulla repellat assumenda quibusdam sit nobis,true
10,194,sed ut vero sit molestiae,false
9,165,fugiat perferendis sed aut quidem,false
5,83,quidem at rerum quis ex aut sit quam,true
5,89,sequi ut omnis et,true
9,170,quisquam aliquam quia doloribus aut,false
10,185,voluptates dignissimos sed doloribus animi quaerat aut,false
6,116,ipsa dolores vel facilis ut,true
5,97,dolorum laboriosam eos qui iure aliquam,false
5,100,excepturi a et neque qui expedita vel voluptate,false
6,115,sed et ea eum,false
2,36,excepturi deleniti adipisci voluptatem et neque optio illum ad,true
8,147,eum itaque quod reprehenderit et facilis dolor autem ut,true
4,70,ut sequi accusantium et mollitia delectus sunt,false
3,42,rerum perferendis error quia ut eveniet,false
4,74,expedita tempore nobis eveniet laborum maiores,false
3,51,distinctio exercitationem ab doloribus,false
4,68,aut id perspiciatis voluptatem iusto,false
10,182,inventore saepe cumque et aut illum enim,true
3,47,nam qui rerum fugiat accusamus,false
3,46,vel voluptatem repellat nihil placeat corporis,false
9,166,quos quo possimus suscipit minima ut,false
6,119,corporis ducimus ea perspiciatis iste,false
7,136,asperiores illo tempora fuga sed ut quasi adipisci,false
2,26,aliquam aut quasi,true
8,141,explicabo consectetur debitis voluptates quas quae culpa rerum non,true
5,93,odio iure consequatur molestiae quibusdam necessitatibus quia sint,true
3,44,cum debitis quis accusamus doloremque ipsa natus sapiente omnis,true
7,129,rerum culpa quis harum,false
8,158,debitis vitae delectus et harum accusamus aut deleniti a,true
1,14,repellendus sunt dolores architecto voluptatum,true
1,15,ab voluptatum amet voluptas,true
4,75,occaecati adipisci est possimus totam,false
10,189,culpa eius et voluptatem et,true
1,19,molestiae ipsa aut voluptatibus pariatur dolor nihil,true
3,43,tempore ut sint quis recusandae,true
6,106,ad illo quis voluptatem temporibus,true
8,146,molestiae suscipit ratione nihil odio libero impedit vero totam,true
5,95,vel nihil et molestiae iusto assumenda nemo quo ut,true
4,72,praesentium facilis facere quis harum voluptatibus voluptatem eum,false
2,37,sunt cum tempora,false
9,169,ea odio perferendis officiis,true
4,63,doloremque aut dolores quidem fuga qui nulla,true
1,2,quis ut nam facilis et officia qui,false
2,32,earum doloribus ea doloremque quis,false
1,5,laboriosam mollitia et enim quasi adipisci quia provident illum,false
5,96,nobis suscipit ducimus enim asperiores voluptas,false
7,139,consequatur doloribus id possimus voluptas a voluptatem,false
4,79,eum ipsa maxime ut,true
2,21,suscipit repellat esse quibusdam voluptatem incidunt,false
10,198,quis eius est sint explicabo,true
